<resources>
    <!-- Base application theme. -->
    <style name="Theme.CleanArchitectureEntityApp" parent="Theme.AppCompat.DayNight.DarkActionBar">
        <!-- Primary brand color. -->
        <item name="colorPrimary">@color/white</item>
        <!-- Status bar color. -->
        <item name="android:statusBarColor" >@color/dark_gray</item>
        <!-- Customize your theme here. -->


    </style>

    <style name="Theme.CleanArchitectureEntityApp.NoActionBar">
        <item name="windowActionBar">false</item>
        <item name="windowNoTitle">true</item>
    </style>

    <style name="Theme.CleanArchTodoAppPrep.AppBarOverlay" parent="ThemeOverlay.AppCompat.Dark.ActionBar" />

    <style name="Theme.CleanArchTodoAppPrep.PopupOverlay" parent="ThemeOverlay.AppCompat.Light" />

</resources>